 Variables , 1985 Jan , 1985 Feb , 1985 Mar , 1985 Apr , 1985 May , 1985 Jun , 1985 Jul , 1985 Aug , 1985 Sep , 1985 Oct , 1985 Nov , 1985 Dec , 1986 Jan , 1986 Feb , 1986 Mar , 1986 Apr , 1986 May , 1986 Jun , 1986 Jul , 1986 Aug , 1986 Sep , 1986 Oct , 1986 Nov , 1986 Dec , 1987 Jan , 1987 Feb , 1987 Mar , 1987 Apr , 1987 May , 1987 Jun , 1987 Jul , 1987 Aug , 1987 Sep , 1987 Oct , 1987 Nov , 1987 Dec , 1988 Jan , 1988 Feb , 1988 Mar , 1988 Apr , 1988 May , 1988 Jun , 1988 Jul , 1988 Aug , 1988 Sep , 1988 Oct , 1988 Nov , 1988 Dec , 1989 Jan , 1989 Feb , 1989 Mar , 1989 Apr , 1989 May , 1989 Jun , 1989 Jul , 1989 Aug , 1989 Sep , 1989 Oct , 1989 Nov , 1989 Dec , 1990 Jan , 1990 Feb , 1990 Mar , 1990 Apr , 1990 May , 1990 Jun , 1990 Jul , 1990 Aug , 1990 Sep , 1990 Oct , 1990 Nov , 1990 Dec , 1991 Jan , 1991 Feb , 1991 Mar , 1991 Apr , 1991 May , 1991 Jun , 1991 Jul , 1991 Aug , 1991 Sep , 1991 Oct , 1991 Nov , 1991 Dec , 1992 Jan , 1992 Feb , 1992 Mar , 1992 Apr , 1992 May , 1992 Jun , 1992 Jul , 1992 Aug , 1992 Sep , 1992 Oct , 1992 Nov , 1992 Dec , 1993 Jan , 1993 Feb , 1993 Mar , 1993 Apr , 1993 May , 1993 Jun , 1993 Jul , 1993 Aug , 1993 Sep , 1993 Oct , 1993 Nov , 1993 Dec , 1994 Jan , 1994 Feb , 1994 Mar , 1994 Apr , 1994 May , 1994 Jun , 1994 Jul , 1994 Aug , 1994 Sep , 1994 Oct , 1994 Nov , 1994 Dec , 1995 Jan , 1995 Feb , 1995 Mar , 1995 Apr , 1995 May , 1995 Jun , 1995 Jul , 1995 Aug , 1995 Sep , 1995 Oct , 1995 Nov , 1995 Dec , 1996 Jan , 1996 Feb , 1996 Mar , 1996 Apr , 1996 May , 1996 Jun , 1996 Jul , 1996 Aug , 1996 Sep , 1996 Oct , 1996 Nov , 1996 Dec , 1997 Jan , 1997 Feb , 1997 Mar , 1997 Apr , 1997 May , 1997 Jun , 1997 Jul , 1997 Aug , 1997 Sep , 1997 Oct , 1997 Nov , 1997 Dec , 1998 Jan , 1998 Feb , 1998 Mar , 1998 Apr , 1998 May , 1998 Jun , 1998 Jul , 1998 Aug , 1998 Sep , 1998 Oct , 1998 Nov , 1998 Dec , 1999 Jan , 1999 Feb , 1999 Mar , 1999 Apr , 1999 May , 1999 Jun , 1999 Jul , 1999 Aug , 1999 Sep , 1999 Oct , 1999 Nov , 1999 Dec , 2000 Jan , 2000 Feb , 2000 Mar , 2000 Apr , 2000 May , 2000 Jun , 2000 Jul , 2000 Aug , 2000 Sep , 2000 Oct , 2000 Nov , 2000 Dec , 2001 Jan , 2001 Feb , 2001 Mar , 2001 Apr , 2001 May , 2001 Jun , 2001 Jul , 2001 Aug , 2001 Sep , 2001 Oct , 2001 Nov , 2001 Dec , 2002 Jan , 2002 Feb , 2002 Mar , 2002 Apr , 2002 May , 2002 Jun , 2002 Jul , 2002 Aug , 2002 Sep , 2002 Oct , 2002 Nov , 2002 Dec , 2003 Jan , 2003 Feb , 2003 Mar , 2003 Apr , 2003 May , 2003 Jun , 2003 Jul , 2003 Aug , 2003 Sep , 2003 Oct , 2003 Nov , 2003 Dec , 2004 Jan , 2004 Feb , 2004 Mar , 2004 Apr , 2004 May , 2004 Jun , 2004 Jul , 2004 Aug , 2004 Sep , 2004 Oct , 2004 Nov , 2004 Dec , 2005 Jan , 2005 Feb , 2005 Mar , 2005 Apr , 2005 May , 2005 Jun , 2005 Jul , 2005 Aug , 2005 Sep , 2005 Oct , 2005 Nov , 2005 Dec , 2006 Jan , 2006 Feb , 2006 Mar , 2006 Apr , 2006 May , 2006 Jun , 2006 Jul , 2006 Aug , 2006 Sep , 2006 Oct , 2006 Nov , 2006 Dec , 2007 Jan , 2007 Feb , 2007 Mar , 2007 Apr , 2007 May , 2007 Jun , 2007 Jul , 2007 Aug , 2007 Sep , 2007 Oct , 2007 Nov , 2007 Dec , 2008 Jan , 2008 Feb , 2008 Mar , 2008 Apr , 2008 May , 2008 Jun , 2008 Jul , 2008 Aug , 2008 Sep , 2008 Oct , 2008 Nov , 2008 Dec , 2009 Jan , 2009 Feb , 2009 Mar , 2009 Apr , 2009 May , 2009 Jun , 2009 Jul , 2009 Aug , 2009 Sep , 2009 Oct , 2009 Nov , 2009 Dec , 2010 Jan , 2010 Feb , 2010 Mar , 2010 Apr , 2010 May , 2010 Jun , 2010 Jul , 2010 Aug , 2010 Sep , 2010 Oct , 2010 Nov , 2010 Dec , 2011 Jan , 2011 Feb , 2011 Mar , 2011 Apr , 2011 May , 2011 Jun , 2011 Jul , 2011 Aug , 2011 Sep , 2011 Oct , 2011 Nov , 2011 Dec , 2012 Jan , 2012 Feb , 2012 Mar , 2012 Apr , 2012 May , 2012 Jun , 2012 Jul , 2012 Aug , 2012 Sep , 2012 Oct , 2012 Nov , 2012 Dec , 2013 Jan , 2013 Feb , 2013 Mar , 2013 Apr , 2013 May , 2013 Jun , 2013 Jul , 2013 Aug , 2013 Sep , 2013 Oct , 2013 Nov , 2013 Dec , 2014 Jan , 2014 Feb , 2014 Mar , 2014 Apr , 2014 May , 2014 Jun , 2014 Jul , 2014 Aug , 2014 Sep , 2014 Oct , 2014 Nov , 2014 Dec , 2015 Jan , 2015 Feb , 2015 Mar , 2015 Apr , 2015 May , 2015 Jun , 2015 Jul , 2015 Aug , 2015 Sep , 2015 Oct , 2015 Nov , 2015 Dec , 2016 Jan , 2016 Feb , 2016 Mar , 2016 Apr , 2016 May , 2016 Jun , 2016 Jul , 2016 Aug , 2016 Sep , 2016 Oct , 2016 Nov , 2016 Dec , 2017 Jan , 2017 Feb , 2017 Mar , 2017 Apr , 2017 May , 2017 Jun , 2017 Jul , 2017 Aug , 2017 Sep , 2017 Oct , 2017 Nov , 2017 Dec , 2018 Jan , 2018 Feb , 2018 Mar , 2018 Apr , 2018 May , 2018 Jun , 2018 Jul 
 Total ,32.7,32,27.3,22.3,23.5,21.4,21.7,22.7,21.7,21,22.1,25.9,27.1,22.9,20.9,19.3,20,19.5,20.4,20.7,20,20.3,20.8,25.8,29,21.8,25.3,25.6,27,27,27.6,28.6,27.8,28.4,30.3,34.2,36,32.9,30.7,31.4,33.8,32.4,33.5,36.5,35.6,39.1,37.1,49.5,47,39.7,41.9,37.4,36.7,35.1,36.3,39.2,39.1,39.1,41.4,49.6,55,40.2,44.4,47.3,34.6,36.3,35.9,38.1,35.3,40.8,37,49.2,42.1,40.5,38.8,39.6,39.4,38.1,39.8,41.9,38.6,45.6,45.2,46.6,54.7,38.9,44.4,42.7,43.7,47.6,43.3,44.5,45.7,43,43.5,50.7,59.6,42.7,50.2,44.3,47.4,49.5,50.8,48,46.9,47,49,59.4,62,48,64.2,40.1,45.5,45.5,51.2,47.2,49.3,48.2,51.5,57.5,65.5,42.8,53.1,47.9,49.5,48.2,49.8,50.3,51.9,50.4,52.4,57.7,58.5,55,50,48,49.4,49.5,51.1,48.6,50.8,51.2,52.8,63.4,66.4,42.6,50.8,48.6,49.4,50.3,54.6,49.1,51.4,47.9,48.2,53.4,60.6,40.5,40.6,50.8,46.4,46,47.6,44,42.7,42.9,47,55.9,53,44.9,48.4,48.8,51.3,56.2,53.7,55.1,57.5,55.9,57.6,64.7,75,49.5,60.8,61.4,63.1,69,69,64,67.3,61,68.9,78.1,79.6,60.7,73.8,65.3,67.6,68,66.1,68.8,62,62,66,75.8,74.2,58.5,70.4,63.1,60.9,63,67.6,63.2,61.4,62.9,68,82.5,84.1,54.7,67.8,64.7,72,69.4,74.1,67.9,69.9,72.2,75.4,91.1,88.7,76.6,81.8,74.7,77.7,81.4,80.3,74.7,77,81.5,83.7,93.5,99,73.8,90.6,82.9,83.2,87.3,88.2,81.9,84.7,90.7,85.4,101.6,105.1,76,99.6,88.6,93.8,91.1,90.8,84.1,87,91.9,92.5,106.6,104.6,90.6,95,89.6,96.1,105,89.3,90.1,93.4,96.5,93.2,110.1,113.6,89.8,100.3,96.4,101,101.2,99.4,93.7,100,93.3,90.5,109.4,100.3,84.8,93.3,85.5,90.4,92.5,89.8,89.2,88.1,89,89.1,104.2,100,86.1,90.5,83.5,85.4,86.3,88.5,88.2,89.3,88.8,90.8,107.6,103.5,76.3,91.2,90.5,93.7,95.9,98,91.3,89.1,96.4,95.9,111.7,105.8,91.5,99.4,92.6,94.3,95,95.2,94.6,91.6,95.2,94.6,109.8,103.2,88.7,91.9,92.1,97,91.1,87.4,87.4,86,86,86.3,103.7,106,80.9,91.6,84.8,90.6,89.6,90.3,90.4,87.8,92.8,91.6,108.5,100.4,92.6,93.5,89,95.9,96,95,96.4,91.5,95.6,95.9,111.6,108.3,90.3,98.5,92,98.9,97.5,97.7,95.8,93.3,97.5,96.6,112.3,111.4,88.4,100.5,92.6,99.1,98.9,98.7,98.7,92.8,97.7,101.7,119.4,102.9,96.1,99.6,93.4,99.3,101.1,96.1
     Department Stores , na , na , na , na , na , na , na , na , na , na , na , na , na , na , na , na , na , na , na , na , na , na , na , na , na , na , na , na , na , na , na , na , na , na , na , na , na , na , na , na , na , na , na , na , na , na , na , na , na , na , na , na , na , na , na , na , na , na , na , na , na , na , na , na , na , na , na , na , na , na , na , na , na , na , na , na , na , na , na , na , na , na , na , na , na , na , na , na , na , na , na , na , na , na , na , na , na , na , na , na , na , na , na , na , na , na , na , na , na , na , na , na , na , na , na , na , na , na , na , na , na , na , na , na , na , na , na , na , na , na , na , na , na , na , na , na , na , na , na , na , na , na , na , na , na , na , na , na , na , na , na , na , na , na , na , na , na , na , na , na , na , na , na , na , na , na , na , na , na , na , na , na , na , na , na , na , na , na , na , na , na , na , na , na , na , na , na , na , na , na , na , na , na , na , na , na , na , na , na , na , na , na , na , na , na , na , na , na , na , na , na , na , na , na , na , na , na , na , na , na , na , na , na , na , na , na , na , na , na , na , na , na , na , na , na , na , na , na , na , na , na , na , na , na , na , na , na , na , na , na , na , na , na , na , na , na , na , na , na , na , na , na , na , na , na , na , na , na , na , na , na , na , na , na , na , na ,103.1,82.1,85.6,77.5,98.6,93.8,81.9,83.8,84.4,89.7,86.4,133.5,105.7,68.8,81.9,76.6,91.4,92.4,83.7,79.4,84.9,85.5,92.7,130.7,103.2,92.2,82.8,83.6,98.9,94.4,92.2,87.3,91,92,93.6,141.8,124.8,82.1,88.7,89.7,103.3,100.4,100.4,93.2,91.8,100.3,100.5,154.1,127.8,88.1,97.5,93.2,102,101.6,94.3,96.7,95.3,100.2,101,150.3,116.1,102.9,100.4,89.1,107.3,105.1,95.9,102.6,94.3,98.3,103.4,155.4,130.2,91,99.2,88.1,106,101.3,97.1,96.7,92.2,99.7,104.8,144.7,110.4,113.5,97.6,90.5,108.3,101.6,102.1,98.6,94.6,96.8,104.6,139.9,124.8,95.9,92.2,85.5,101.7,93.6,95.3,92.7,87.7,97.2,99.8,140,126.4,82.9,90.7,88.8,96.7,94.9,96,93.9,93.8,97.8,103.9,134.3,108.4,103.9,99,87.3,99.3,93.2,91.6
     Supermarkets & Hypermarkets , na , na , na , na , na , na , na , na , na , na , na , na , na , na , na , na , na , na , na , na , na , na , na , na , na , na , na , na , na , na , na , na , na , na , na , na , na , na , na , na , na , na , na , na , na , na , na , na , na , na , na , na , na , na , na , na , na , na , na , na , na , na , na , na , na , na , na , na , na , na , na , na , na , na , na , na , na , na , na , na , na , na , na , na , na , na , na , na , na , na , na , na , na , na , na , na , na , na , na , na , na , na , na , na , na , na , na , na , na , na , na , na , na , na , na , na , na , na , na , na , na , na , na , na , na , na , na , na , na , na , na , na , na , na , na , na , na , na , na , na , na , na , na , na , na , na , na , na , na , na , na , na , na , na , na , na , na , na , na , na , na , na , na , na , na , na , na , na , na , na , na , na , na , na , na , na , na , na , na , na , na , na , na , na , na , na , na , na , na , na , na , na , na , na , na , na , na , na , na , na , na , na , na , na , na , na , na , na , na , na , na , na , na , na , na , na , na , na , na , na , na , na , na , na , na , na , na , na , na , na , na , na , na , na , na , na , na , na , na , na , na , na , na , na , na , na , na , na , na , na , na , na , na , na , na , na , na , na , na , na , na , na , na , na , na , na , na , na , na , na , na , na , na , na , na , na ,74.1,68.8,67.6,67.1,70.3,67.1,71.5,74.3,71.3,71.7,70,78.2,90.2,63.5,74.1,70.4,76.7,71.2,73.2,78.2,74.8,75,73.5,78.9,81.6,81.4,75.6,74.3,80.3,75,77.7,82,75.7,79.5,77.4,84.4,98.5,73.6,79.1,81.1,84.2,78.2,83.3,86.1,78.1,84.5,78.9,88,103.6,75.5,82.3,81.7,84.1,81.1,85.5,89.6,83.2,86.7,82.7,92,94.2,92.2,88.2,84.7,89,87.8,88.7,94.1,86,89.5,87.5,95.2,113,78.7,92.1,88.5,93.5,88.8,95,96.4,89,93.2,91.4,98.1,100.8,106.2,92.8,90.9,98.9,91.5,95.7,101.9,92.6,95.7,92.5,98.6,111,98.9,94,93.8,98.6,90.5,97.9,98.3,90,96.5,89.8,98.4,126.3,88.3,96.2,97.5,100.8,95.9,100.7,102.4,96.2,99.3,93.5,102.8,106,110.1,96.5,95,100,94.8,97.7
     Mini-marts & Convenience Stores ,48.8,66.4,46.1,46.6,47.1,42.3,46.7,50.4,47.7,46.9,48.7,54.6,63.2,54.1,46.7,45.3,45.4,40.7,44.4,45.8,44.1,44.7,44.1,51,62.5,48.6,51.6,50.5,51.5,50.9,50.7,51.2,53,52.6,51.6,55,53.9,58.7,50.1,49.3,49.5,49,50.9,50.5,49.1,50.1,50,54.3,58.1,46.1,47,46.9,47.6,47.1,47.4,49.1,48.7,48.8,47.7,53.9,62.3,46.9,50.4,51.4,51.9,49.3,49.1,51.8,49.1,49.4,48.4,54.3,57.7,54.8,51.4,51.1,53,48.4,51.4,53.7,46.8,51.8,50.2,52.3,60.3,46.6,48.5,47.8,48.6,48.3,51.3,52.5,48.7,51.5,50.6,56.5,61.3,47.3,51.7,50.5,50.2,49.9,50.5,52.4,51.2,51.7,51.8,55,57,53.9,54.8,46.3,48.7,49.2,52.7,55.7,51.8,54.4,53.2,58.2,67.3,46.8,53.3,50.8,53.8,53.2,54.1,55,53.1,54.1,52.3,57.9,56.6,62,52.6,51.2,53.3,52.6,53.2,56.3,53.3,55.6,56.1,58.5,61.1,58.4,55.8,54.8,57.3,54.9,57.4,57.3,53.9,57.7,55.6,59.8,69.2,50.3,56.7,55.5,58.1,56.5,58.6,57.7,55.9,56.2,53.8,58.4,58.1,57.6,54.5,54,54.7,53.9,55.2,56.9,52,55.4,54.4,60.6,61.7,56,54.6,54.4,56.6,56,56.7,57.4,55.6,58.2,56.7,64,67.2,54,58.9,56.2,59.2,57.5,59.1,60.2,58.5,59,59.5,65.6,61.5,63.7,59.4,59.5,61.1,60.4,61.4,64.1,60.8,63.7,64,70,70.8,58.7,64,61.1,64,62.3,64.5,66.2,63.4,66.3,65.3,71.6,77.2,64.9,67.4,67.2,68.3,69.5,70.8,71.9,67.8,70.7,70.8,76.1,83,75.4,77.6,72.7,74.1,71.4,76.8,78.2,75.4,82.6,71.5,78.3,95.3,66.8,81.8,78.3,81.2,76,82.5,83.2,80.7,83.7,78.6,82.1,89.2,88.6,80.5,86.9,88.2,87.1,85.6,89.1,86.8,85,78.8,86,92.1,84.4,86.3,89,91,86.5,90.5,96.5,95.4,95.6,91.9,99.2,106,82.9,91.1,91.8,95.3,93.1,95.3,96.3,95.1,93.7,89.6,96.3,94.5,92,91.7,89.5,93.3,85.8,92.8,95.4,94.4,97.1,92.7,99,108.9,90.4,96.3,96.2,99.4,94.9,101.6,101.9,99.7,101.5,97.8,101.6,114.7,94.4,100.6,98.7,101.3,100,104,105.8,101.5,103.2,101.6,103.9,108.9,104.7,104.8,101.1,104.3,103.2,109.3,108.1,101.7,103.4,100.9,104.9,114.3,87.2,107,103.2,104.5,100.9,106.7,110.1,104.1,108,103.9,102.5,106.4,96.4,102.9,99.2,105.6,97.3,103.7,106.7,98.8,104.1,99,101.3,112.1,97.4,104.1,103,103.3,97.8,104.4,106.5,101.7,103.7,97.7,102.6,113.9,91,100.9,99.5,101.8,97.6,100.1,103.4,98.8,100.5,95.4,97,105,96.8,99.9,99.4,100.6,98,100.2
     Food Retailers , na , na , na , na , na , na , na , na , na , na , na , na , na , na , na , na , na , na , na , na , na , na , na , na , na , na , na , na , na , na , na , na , na , na , na , na , na , na , na , na , na , na , na , na , na , na , na , na , na , na , na , na , na , na , na , na , na , na , na , na , na , na , na , na , na , na , na , na , na , na , na , na , na , na , na , na , na , na , na , na , na , na , na , na , na , na , na , na , na , na , na , na , na , na , na , na ,89.9,66.9,71.7,67,72.3,69.1,72.6,75.4,81.5,80.3,78.8,90.2,121.3,93.7,83.5,71.4,79.1,71.8,74.6,77.1,77.9,80.7,81.3,87.7,145,62.2,73.5,71.6,77.6,76.3,78.3,81.7,80.9,76.1,80.9,85.4,107.1,129.3,74.7,73.7,78.8,71.7,72.6,77.9,82.2,74.6,72.1,81.8,142.3,89.9,79.1,72.9,74.6,69.2,77.4,81.8,73.6,68.2,63,73.5,121.3,55.5,58.2,55.7,55.8,53.5,52.8,55.7,55.5,58.7,56.3,63.6,76.7,108.3,57.5,53.8,60.6,60.7,65.8,65.5,62.8,60.9,62.1,67.1,130,76.7,61.7,59.2,60.6,60.8,67,65.6,64.2,64,65.6,70.1,151.1,59.5,61.7,61.1,63.4,66.4,65.7,66,65.8,62.9,66.4,74.7,99.7,123.2,66.9,64.2,69.4,72.3,72.8,77.1,72.7,68,68.7,80.1,182.4,55.5,62.5,49.9,53.9,66.1,77.2,77.5,69.4,70.2,72.6,89.9,160.7,61.4,63.1,62.2,71.7,72.3,76.1,70.8,70.3,67.2,67.5,84.4,106.1,106.8,77.1,75.3,82.4,76.5,81.3,87.6,85.6,82.1,82.7,95.8,157,76,82.5,82.7,91.6,83.9,88.4,91.6,92.3,89.1,85.9,100.4,109.7,141.3,95.8,82.4,91.8,91,92.5,93.4,94.3,93.1,91.8,107.9,134.8,114.6,97.8,86,90.7,94.4,92.1,97.1,91.2,86.8,87.4,102.3,151.7,85.9,94.4,88.8,88.1,92.5,95,93,91.5,93.1,86.4,103,96.1,140.2,82.9,85.5,92,86.5,94.7,97.8,94.9,96.7,95.2,105.6,151,98.2,93.6,95.5,97.3,97.2,99.6,104.1,96.2,104.1,100.4,117.3,172.3,95.3,98.5,99.1,100.8,97.7,103.3,108.3,102.4,103.8,105.2,124.6,133.9,148.3,105.4,103.9,108.2,105.4,109.8,115.4,108,107.9,107.2,124.6,206.7,98.5,109,107.6,114,104.9,109.6,120.4,104.3,111.8,109.8,125.1,119.4,161.9,108.7,101,107.4,100,106.4,113.5,105.2,98.9,96.8,112.6,119.4,104.8,96.8,93.4,103,94.1,97.1,105.2,97.8,100.8,95,112.5,127.4,83,93.1,90,97.3,88.2,102.7,112,96.5,98.7,99.7,111.4,106.7,134.5,100.8,93,96.8,88.7,97.2
     Motor Vehicles ,14.3,13,8.6,6.3,6.3,4.7,5.2,5.3,5.3,4.6,4.1,4.8,8.7,7.6,5.3,4.6,3.6,5.1,4.8,5.3,5.2,4.7,4.6,6.4,11.6,2.9,6.6,10.1,9.1,10.4,11.1,11.6,11.2,10.2,13.8,12.5,26.8,18.2,12.3,20,22.4,21.2,20.6,26.6,26.2,34.5,27.1,47.3,44.5,38.4,39,31.3,27,24.3,23.4,27.2,29.7,29,29.8,38,58.1,35,39.4,51.6,15.5,20.5,14.7,20.8,18.9,31.5,19.2,35.2,27.3,32.3,26.8,32.7,28,25.3,28.6,32.2,27.4,41.4,40.5,28.7,51.3,26.8,35.8,38.6,39.2,50.2,35,36.5,42.3,34.3,33.7,34.1,72,40.9,55.1,50.9,53.4,61.1,63.2,52.3,48,43.9,50.6,53.5,75.5,44.6,75.6,41.5,51,50.7,57.4,46.7,54.3,46.6,56.4,46.6,77.6,39.7,63.6,57.6,50.7,49.2,45.5,51.9,60.3,52.6,53.3,42.1,59.7,53.2,46.3,49.1,47,44.6,42.4,42.7,49,46.9,42.4,52.2,59.4,20.7,41.7,41,39.4,38.9,41.7,37.8,48.4,36.4,32.1,30.8,51.4,28.2,20.2,52.7,37.5,37,42.2,35,34.1,30.3,39.7,42.5,41.1,29.5,42.3,47.7,45.8,57.4,52.6,58.1,67,59.4,59.5,56.1,85.8,42.8,68.6,74.6,74.6,92,88.7,79.5,88.6,68.7,86.1,84,100.6,75.5,104.9,87.4,88.2,87.5,82.3,90,77.6,75.2,79.1,79.6,91.6,65.9,94.9,79.5,65.1,73.1,83.3,75.1,72.7,69.8,77.9,92.9,109.6,64.5,87.4,91.7,106,90.2,107.7,89.3,98.4,96.5,101.3,117.1,122,113.1,121.5,106.6,107.1,116.1,114.5,101.5,108.9,117.6,118.7,117.7,145,91.9,144.1,123.2,114.7,130.8,126.4,109,120.6,128.2,118.2,125.2,145,99.2,169.2,127.3,133.5,134,127.3,105.4,115.6,128.1,135.7,129,153.8,114.1,130.5,117.7,124.2,141.4,102.1,109.4,118.1,121.7,106,112.9,145.6,101.9,120,126.1,121.8,130,119.7,95.3,123.6,98.9,99.1,117.9,99.5,108.3,110.1,90.6,92.8,100.4,86.2,84.2,78.7,84.5,83.3,85.9,89.3,66.9,77.5,63.8,56.5,65.5,67.1,66.2,69.1,65.3,67.2,73.1,64,41.8,65.7,65.2,65.7,73.7,74.4,59.8,62.4,70.8,70.9,66.1,62.2,72.5,77.4,65,65.6,65.8,67.2,62.9,60.9,64.8,63,62,68.8,43.8,52.1,63.3,67.9,48.1,38.5,36.7,44.9,39.2,36.7,42.2,47.7,40.1,57.5,43.3,53.4,51.6,51.4,51.7,54.7,52.6,51,54.7,63.6,50.3,80.5,67.8,78.3,95.5,72.3,74.4,81.1,85.1,81.5,88.9,96,76.1,113.7,97,106.4,112.4,99,97.7,98.2,97.4,95.3,89.7,98,83.2,121.5,90.8,108.5,106,99.3,100.4,83.2,93.6,102.5,113,88.4,68.7,103.7,90,99.4,116.3,84.2
     Petrol Service Stations ,49.2,44.8,49.2,52.6,54,48.9,51.2,52.6,45.3,46.6,45.4,47.5,46.2,41.3,36.7,35.5,35.7,33.9,35.1,40.6,34.4,34.8,33.1,37.6,35.7,33.1,38.3,37.9,39.7,37.2,42.4,38,39.9,42.2,38.8,41.8,36,37.8,38,37.1,36.9,37.7,37,37.5,37.5,35.3,34,34.6,38.2,36.9,40.3,40.2,44,45.2,47,47.9,45.6,48,47.6,50.1,51.4,48.4,52.2,48.9,51.5,47.8,49.5,57,56.6,63,56.1,55.3,56.2,55.9,57.6,58.4,59.7,56.9,59.1,59.1,58.1,58,58.3,58.2,62,55.5,63.1,60.9,61.3,59.7,66.5,64.6,63.6,63.5,60.5,61.9,64.1,57.8,64,62.7,63.4,61.9,65.5,63.1,63.2,63.5,63.9,67.1,62.8,57.7,64.6,63.2,62.8,63.1,62.4,68.3,65.2,65.6,64.6,65.8,66.4,56.3,67.5,62.9,67,65.6,67.8,67.9,68.3,66.4,66.7,65.9,67.9,64.2,68.3,70,71.1,67.2,74.9,72.6,70.9,73.1,72.5,72.3,75.6,65.3,67.8,69,69.2,65.7,71.4,68.9,69.6,70.7,67.2,70.2,74.6,66.8,73.5,70.2,70,69.8,71.4,69.1,64.9,67.3,63.9,59.9,59.1,57,62.4,62.1,64.9,63.2,65.8,63.7,65.7,66.5,67.5,67.9,68.7,65.7,71.8,71,71.3,68.6,74,75.9,77.6,74.6,73.8,74.4,75.1,66.6,75.1,71.4,73.5,69.2,73.1,71.3,66.5,68.2,63.2,61.6,63.6,56.3,63.5,62.7,63.6,59.3,64.9,65,63.7,65.3,61.8,61.7,66.5,56.7,67.8,59.8,62.8,61.3,64.6,63.5,61.3,63.6,62.5,64.4,68.3,64.1,68.9,67.8,71.7,67.5,72.2,73.4,72.4,72.2,67.6,69.3,70.9,63.5,69.5,70.7,73,69.8,76,81.1,81.3,84.4,77.7,77.1,82.1,73.5,83.3,83.4,88,83.7,90,89.3,83,81.9,76.6,77,77.7,67.4,79.3,80.3,89.7,88.8,94.5,97,94.8,100.6,98.3,100.9,107,99.4,109.3,110.1,117.6,113.6,125.5,115,107.9,106.6,91.7,85.3,87.8,80.8,88.1,87.2,91.5,91,95.9,99.1,95.1,95.8,91.8,93,101.9,93.8,103.5,102.2,103.8,94.7,102.4,101.5,97.4,100.8,95.1,100.6,111.1,99.7,117.1,118.8,117.3,110.5,121.6,117.1,115.7,119,115.2,115.1,121.7,119,129.6,124.9,123.6,112.2,118,122.4,121.2,123.1,112.5,113.1,123,113.5,125.3,118.8,120.4,115.8,127.9,126.7,123.2,124.7,118.7,118,130.8,110.4,128.2,124.3,128.1,121.1,130.4,128.7,124.1,121.4,112,102.5,94.8,87.3,100.8,97.8,107,100.9,109.1,102.9,96.2,101.2,94.3,96.1,93.1,80.7,92.8,88.1,91.1,86.7,94.2,92.8,91.1,96.8,93.3,94,99.8,92.5,103.3,99.6,102,95.8,102.5,101.6,99.4,103.9,101.5,98,107.4,102.4,110,108.1,111,104.7,112.9
     Medical Goods & Toiletries , na , na , na , na , na , na , na , na , na , na , na , na , na , na , na , na , na , na , na , na , na , na , na , na , na , na , na , na , na , na , na , na , na , na , na , na , na , na , na , na , na , na , na , na , na , na , na , na , na , na , na , na , na , na , na , na , na , na , na , na , na , na , na , na , na , na , na , na , na , na , na , na , na , na , na , na , na , na , na , na , na , na , na , na , na , na , na , na , na , na , na , na , na , na , na , na ,23.6,22.7,25.8,23.4,23.9,24.8,26.3,24,26.9,25.6,25.6,29.7,31,25,33.5,24.3,25.5,27,29,27.9,29.2,26.9,27,32.2,30.5,25.4,31.8,27.6,29.1,30.9,30.5,30.7,30.2,28.7,28.9,32.8,31,28.5,31.6,28.3,28.9,29.4,30.5,30.2,31.8,31.3,30.9,35.5,34.5,27.4,35.1,31.3,30.8,32.1,34.4,31.5,32.9,30.3,28.8,35.2,31.8,26.9,32.5,28.7,29.4,31.1,30.2,30.4,32.9,30.3,29.4,34.7,32.3,29,33.1,30.4,33.2,35.7,32.4,32,34.4,33.7,33.7,40.4,42.5,30.1,37.7,34.6,34.4,39.4,33.8,33.4,36.9,34.2,34.1,43.4,39.6,33.7,38.9,34.5,35.3,39.9,35.4,34.4,37,34.8,34.4,43.6,40.2,34.6,40.9,34.9,35.2,38.4,34.7,34,39.5,41.4,36,45,43.3,33.1,44,39.1,37.2,42.8,38,38.2,41.2,37.7,36.7,50,43.4,38.5,47,40,42.3,47.9,41.2,40.8,44.8,41.6,41.2,52.1,54.8,39.5,46.3,41.6,43.6,45.7,46.1,45.8,47,46.4,45.2,55.5,60.6,39.8,50.3,46.3,51.3,51,48.8,47.4,49.9,47,48.3,55.7,55.4,50.6,51.7,46.7,54.4,57.7,48.7,48.6,50.4,50,49.6,59.7,67.3,48.4,55,53.8,58.3,57.8,54.1,54.6,56.6,55.2,54.9,66.6,66.5,52.2,60.1,56.7,61,62.5,59.3,59.9,59.6,58.6,58.8,68.2,65,59.6,69.5,61.9,66,69,65.5,65,69.2,68.5,67.3,76.5,79.5,61.1,76.5,69.2,72.6,70.4,71.3,70.6,75.4,75.3,72.3,86.4,84.6,77.5,84.5,76.2,79,84.7,76.9,77.5,81.8,79.7,80.4,91.6,85.8,87.4,87.3,77.5,81,90,78.1,78.9,85.1,80.6,81.4,98.4,96.6,79.7,93.8,81.9,81.7,92.8,80.6,86,90.1,83.7,82.2,102.8,84.8,87.3,90,84.1,90,90,88.6,95.2,91.9,93.2,89.6,106.9,99.9,90.2,95.1,86.3,92,92.8,92.8,94.8,93.8,93.5,93.6,117.5,110.5,91.7,98.3,90.1,97.5,96.5,98.8,101.8,97.3,97,98.4,122.1,105.3,106.3,105.3,98.2,103.7,102,101.3
     Wearing Apparel & Footwear , na , na , na , na , na , na , na , na , na , na , na , na , na , na , na , na , na , na , na , na , na , na , na , na , na , na , na , na , na , na , na , na , na , na , na , na , na , na , na , na , na , na , na , na , na , na , na , na , na , na , na , na , na , na , na , na , na , na , na , na , na , na , na , na , na , na , na , na , na , na , na , na , na , na , na , na , na , na , na , na , na , na , na , na , na , na , na , na , na , na , na , na , na , na , na , na ,81.6,52.8,65.5,52.2,57.9,61.2,64.2,59.5,64.3,63.9,63.6,91.8,80.6,71.4,74.3,53.8,61,59.6,73.3,63.6,63.7,65.9,70.9,93.8,97.8,60.4,67,59.1,60.8,59.3,64.5,61.1,62.9,61.7,65.6,87.1,76.2,74.6,70,53.5,54.6,63.4,66.5,61.9,65.5,67.5,68.7,96.2,88.6,65.2,60.7,53.7,54.3,63.4,69.5,58.8,56.2,53.9,60.1,83.8,85.4,49.1,51.3,45.6,52.3,61.1,54.2,49.7,49.7,50.9,54.9,78.3,78.5,68,60.8,52.1,62.1,64.2,62,61.3,56.6,60.8,65.4,92.1,94.3,68.9,61.3,57.6,57.9,62,69.3,66.6,59.9,61.8,66.8,100.8,94.3,60.1,63.1,58.8,61.4,67.5,68.7,63.6,55.1,60.7,64.3,105.8,79.8,70.2,62.6,54.2,60.8,62.5,65.6,61.3,57.3,60.8,72.4,104.9,96.7,56.9,54.5,39.6,47,59.1,58.2,57.6,53.1,61,67.6,99.4,85.4,58.6,57.1,57.3,61.3,68.9,71.2,61.4,56.5,63.6,69.6,103.2,99.5,66.4,68.6,60.8,69.5,73.5,73.7,61,63.8,71.8,70.5,116.3,117.1,67.3,73.3,75.9,75.2,81.3,85.2,72.5,70.2,72,79,112.4,106.6,92.5,85.2,80.1,85.4,93.7,91,79,81.6,87.8,93.9,129,124.2,86.3,95,79.3,92.8,96.2,93.9,89,85,78.4,86.6,124,118,68.5,81.6,74.8,85.1,94.1,94.9,91.5,84.8,84.8,90.9,126,117.7,102.4,84.7,84.8,93.2,93.7,102.2,88.8,87.2,96.6,105.4,145.1,141.2,88.4,90.7,94.4,97.8,105.8,111,98.5,89.8,100,103.3,153.7,143.9,91.2,97.1,95.9,97.4,107.3,109.8,104.7,93.2,101.2,107.1,150.6,132,112.9,98.5,93.2,98.1,107.9,106.8,105.3,91.9,99.6,107.7,152,138.7,95.9,98.7,92.5,96.9,103,100.5,97.3,89.7,96.8,103.5,143.3,117.3,115.9,91.7,88,96.2,98.5,98.1,98.9,83.3,94.6,102.7,138.5,120.3,101.3,90,86.3,93.9,93.7,95.9,89,81.2,91.2,98.2,135.6,134.4,84.7,87.6,89.8,90.2,99.7,99.1,93.3,86.1,95.1,99.9,140.2,114.8,121.3,93.2,88.1,96.3,102.6,101.2
     Furniture & Household Equipment ,68.4,55.4,55.2,53.3,60.5,50.7,45.6,41.5,43.3,41.6,45.9,55.9,53.2,44.1,42.9,37,42.1,43.5,40.4,31.1,36.2,43.1,36.4,44.9,44.6,42,44.9,41.4,44.6,48.5,44,46.3,43.2,46.1,46.5,50.3,47.9,39.8,45.5,45.7,46.1,44.5,45.1,46.6,46.9,47.5,46.5,54.2,49.3,36.1,48,47.4,47.6,44.8,44.9,52.8,45.2,46.9,61.6,68.6,55.7,47.7,51.3,50.8,52.6,46.7,48.9,49.5,49.1,53.9,53.7,74.6,61.3,44.8,53.2,54.1,57.2,54.8,55.2,51.6,52.4,59.6,58.3,72,68.6,49.8,62.3,57.4,51.2,53.6,53.2,51.6,57.2,55,56.9,64.9,61.7,50.1,62.3,48.3,55.4,50.4,59.8,56.7,55.6,62,60.7,81.6,80,58.8,91.2,42.8,44.4,52.2,54.1,49.5,57.8,60.5,52.6,74,73.3,52.7,60.6,47.1,56.3,61.2,59.2,57.9,59.7,58.3,63.9,83,81.5,61.4,60,56.3,62.1,65.4,68.5,57.5,66.3,64.2,78.4,95.3,97.1,57.8,68.1,61.4,68.2,81.9,74.4,68,71,71.2,82.2,92.8,94.9,61.2,72.5,64.8,74,69.5,70.7,68.4,63.1,67.7,73.7,100.7,100.1,66.9,68.3,69.4,72.6,79.2,84.2,72,75.4,78.7,81.1,99.3,105.5,67.8,82.3,75.9,76.2,78.1,87.2,71.7,76.9,81.7,86,108.2,85.4,64.3,70.1,68.4,71.9,75.5,78.1,73.9,70.3,73.9,88.8,105.7,93.7,64.6,75.1,71.4,74.7,75.2,86.1,71.7,71.6,78.9,91.9,108.9,85.4,58.5,68.6,67.9,69.3,71.2,70.6,69.2,65.9,76.7,85.1,106.2,85.7,67.5,75,74.3,75.1,80.5,82.9,77.6,74.2,82.3,90,109.6,99.1,73.2,90.7,83.9,86,84.4,90.1,80,82.5,95.9,91.5,113.4,102,76.8,89.7,85.6,92,84.5,87.9,82.1,88.7,97.5,92.1,125.3,114.9,90.6,103.9,99.1,103.1,123.9,99.1,91.2,98.9,105.1,101.2,129.8,126.9,92.3,119.7,100.1,104.1,105.4,109.6,96.9,107.7,100.5,92.6,116.7,99,79.2,93.7,92.7,97.4,100.7,106.3,97.1,105.2,97.2,99.2,119.6,118.6,82,105.1,102.9,105.9,107.7,109.9,109.9,108.2,106.3,111.1,135.2,126.6,87.4,109.2,103.2,111.4,110.5,113.8,111.7,104.8,111.4,109,137.1,124,98,115,104.7,110.1,113.1,113.4,114,106.8,111.4,109.8,136.7,124.9,90.4,106.1,101.4,99,109.6,113.4,107.7,103.5,104.3,105.6,131.6,120.6,81.2,99.5,97.9,98.3,109.1,116.6,95.4,97.5,102.2,100.9,125.8,119.2,89.5,92,95.1,96.8,104.5,110,98.3,95.1,96.3,100.8,119.6,119.6,78.2,95.5,92.9,99.6,111,107.8,92.7,96.1,95.3,98.7,122.5,105.8,78.6,96.5,89.5,96.8,112.3,101.4,98.4,93.7,97.5,103.5,126,115.6,84.2,100.7,95.1,106.6,112.2,104.2
     Recreational Goods , na , na , na , na , na , na , na , na , na , na , na , na , na , na , na , na , na , na , na , na , na , na , na , na , na , na , na , na , na , na , na , na , na , na , na , na , na , na , na , na , na , na , na , na , na , na , na , na , na , na , na , na , na , na , na , na , na , na , na , na , na , na , na , na , na , na , na , na , na , na , na , na , na , na , na , na , na , na , na , na , na , na , na , na , na , na , na , na , na , na , na , na , na , na , na , na ,107.1,90.5,101.5,100.7,96.8,104,90.9,89.7,91.5,92.5,89.6,121.4,98.2,76.3,112.5,77.6,72.8,79.5,94.3,78.5,79,78.2,82.1,112,84,70.3,70.9,65.6,66.7,64,64.6,67.6,65.9,68.1,74.3,97.2,80.3,61.9,69.8,72.7,63.8,77.7,78.4,76.3,87.6,94.2,96,122,99.4,85.3,95,88.4,84,92.6,98.8,83.1,78.4,78.4,83.9,117.3,83.9,72.4,74.9,78.6,73.4,75.2,82.6,72.8,67.8,73.8,72.1,107.5,75.3,72.9,86.9,84.1,81,91.1,93.8,84.7,81.8,87.2,94.2,131.4,91.5,82,92.5,87.4,91.4,99.5,88.8,83.2,82.4,88.8,93.5,142.2,88.7,74.4,89.2,82.7,90.8,93.5,89.6,85.8,79,77.1,85.9,122.6,77.5,71,84.3,77.2,82.1,85.8,84.8,78.7,74.4,80.9,85.3,121.1,81.8,67.4,72.7,64,72.2,88.1,79.7,80.7,68.8,83.9,90.8,138.4,85.8,80.3,80.2,80.2,86.4,94.5,90.5,83.1,88.9,83.7,91.6,129.2,99.6,89.9,91.8,93.5,92.3,97.8,99.5,97.1,93,99.7,99.9,137.6,100,88.5,98.6,99.9,100.8,96.2,98.2,94.4,90.3,95.7,98.3,143,98.8,92.8,103.8,100,110.1,122.6,103.7,105.8,95.6,101.1,111.6,148.4,98,95.4,102.7,96.3,113,112.8,102.4,100.9,92.1,94.8,97.3,139.3,100.3,89,99.9,96.4,105.9,107.7,105,99.5,96.2,96.8,100.1,145.7,103.7,98,104.9,100.2,108.9,108.8,108.1,100.9,96.5,96.2,94.5,152.5,113,95.7,103.3,108.9,111.3,114.1,113.7,105.8,97.4,104.2,99.5,150.3,110.4,102.6,107.3,108.3,113.6,118.7,109.3,111.3,102.3,102,100.5,145.2,103.1,103.3,111.7,108.3,112.2,119.5,108.9,121.2,103.2,102.3,102.6,143.6,115,97.1,107.2,97.3,114.1,102.9,99.7,104.9,94.6,102,98.2,129.7,97.7,90.7,99.5,92.7,100.6,100.2,103.6,105.5,86.1,89.3,91.6,127.5,98.9,87.6,94.5,95.3,99.6,88.5,98.1,93.2,91.9,94.4,92.8,131.6,97.7,89.9,100.9,95.7,96.2,91.8,98.5,98.2,93.9,95,101.9,140.3,92.3,87.1,103.1,94.5,93.8,97.1,98.7
     Watches & Jewellery , na , na , na , na , na , na , na , na , na , na , na , na , na , na , na , na , na , na , na , na , na , na , na , na , na , na , na , na , na , na , na , na , na , na , na , na , na , na , na , na , na , na , na , na , na , na , na , na , na , na , na , na , na , na , na , na , na , na , na , na , na , na , na , na , na , na , na , na , na , na , na , na , na , na , na , na , na , na , na , na , na , na , na , na , na , na , na , na , na , na , na , na , na , na , na , na ,101.8,77.1,75.2,65.3,71,62.6,61.7,59.3,63.4,68.3,68.8,85.9,77.9,69,114.3,42,54.7,45.4,52.9,56.5,63.6,59.8,65.8,76.7,76.8,55.4,56.5,50.1,61.1,52.3,57,55.4,60.4,64.3,66.2,76.7,69.1,70.6,59.8,52.2,56.9,49.3,56.1,51.3,58.6,61.5,70.6,81.7,78.1,75.4,65.5,61.7,62.2,53.4,87.3,68.1,61.7,59.4,74.7,71.9,63.6,49.4,49,47.2,48.5,40.8,50.1,43.8,46.9,48.2,56.2,66.1,54.8,53,52.1,46.1,54.6,58.3,53.5,53.5,55.4,52.2,58.9,69.8,55.6,50.3,50.5,46.9,61.7,47,52.9,50.6,50.7,52.2,70.5,71.5,55.3,56.2,51.3,49.7,63.7,53.5,57.7,50,47.3,50.7,58.2,77.3,59.3,50.8,52.2,54.6,60.5,54.1,60.7,51.5,49.5,56.8,56.5,75.9,53.1,42.7,56.5,40.4,48.5,68.3,58.7,53.2,57.8,67.3,72.5,85.8,64.9,66,57.1,59.5,63.6,63.1,60.4,56.9,64.5,69.8,76,86.5,79.3,68.8,72.8,66.5,71.2,68.4,69.5,67.5,69.3,78,73.2,96.7,78,70,65.1,67.5,82.5,64.2,67,68.5,65.9,78.3,76.1,101.9,79.5,78,72,70.6,79.6,96.9,71.5,72.7,77,84.1,87.9,106.9,88.3,78.9,81.6,70.6,84.8,76.2,73.9,82.2,75.4,85.1,70.1,92.5,71,70.6,60.3,66.6,69.7,65.7,68.9,74.1,78.1,79.5,78.9,107.9,84,79.5,77.6,76.7,86,80.7,80.8,82.2,86.1,90.9,90.2,117.8,103,92.5,89,99,106.8,106.3,103.1,102,93.8,103.2,96.1,131.3,111.5,98.4,97.9,102.8,104.4,96.3,98.4,99.9,92,99.9,97.9,131.4,104.3,107.4,99,109.8,111.9,100,102.1,101.3,91.6,96,94.8,123.5,116.4,109.9,95.6,92.3,101.2,90.3,93.9,98.6,91.7,101.7,100.1,123.7,117.8,111.1,96.8,93.5,101.5,88.3,105.3,110.9,89.7,94,99.4,124.9,108.1,103.5,90.2,83.8,98,87,94.8,96.8,84.6,95.7,92.8,125.8,108.2,100.2,93.5,95.2,100,101,100.4,98.9,88.9,99.6,94.4,119.7,96.2,108.2,98.2,95.2,100.7,94.5,102.5
     Computer & Telecommunications Equipment , na , na , na , na , na , na , na , na , na , na , na , na , na , na , na , na , na , na , na , na , na , na , na , na , na , na , na , na , na , na , na , na , na , na , na , na , na , na , na , na , na , na , na , na , na , na , na , na , na , na , na , na , na , na , na , na , na , na , na , na , na , na , na , na , na , na , na , na , na , na , na , na , na , na , na , na , na , na , na , na , na , na , na , na , na , na , na , na , na , na , na , na , na , na , na , na ,23.5,27.3,34.6,30.2,22.8,43.8,39.6,24.2,27,37.4,26.5,31.2,32.1,39.2,53.9,38.4,29.4,40.5,45.5,54.1,45.8,44.8,55,64.2,54.2,59.6,73.7,78.3,86.4,70.1,82.1,85.6,82.9,76.2,93.3,107.9,101.8,83.5,106.1,104.7,109.3,126.7,109.4,102.7,104.7,102.9,99.6,103.7,143.8,86.2,113.1,107.6,107.7,109,126.8,112.5,106,118.9,97.1,97.8,69.7,86.3,113.1,86.5,69.4,84.7,70.2,74.4,62,67.5,61.4,69,65,65.5,85.9,81.3,81.7,82.7,79.1,81.7,78.3,79.8,81.5,93.7,84.9,94.9,137.8,110.6,114.3,112.8,108.1,103.2,108,96,93.9,124.1,140.4,104.4,124,90.8,88,99.5,89.2,92.6,76,72.2,74.6,100.8,87.7,66.9,84.8,76.7,86.7,85.1,87.5,84,71.3,90.3,85.6,117.8,87.6,78.9,95.5,88.8,97.3,85.8,84.6,82.7,77.4,77.2,84.7,97.3,87.8,89.1,99.3,86,85.1,98.5,85.9,84,77.7,74.2,85.8,107.5,104.3,78.3,100.1,91.1,85,93.8,90.7,94.6,91.9,86.1,85.5,102.1,89,89.5,103.5,96.9,99.6,93.6,93,86.9,96.9,84.1,87,114.9,87.2,78,110,97.6,97.5,118.3,98.7,95.3,108.5,101.2,107.5,131.2,107.8,94,128.2,102.4,96.9,96.8,100.9,120.2,121.4,105.8,112.2,121.8,94.1,92,128.3,98.9,99.1,109.1,105.8,103.5,114.8,112,116.2,144.1,119.1,99.3,132.2,104,101.2,100.2,97.1,117.6,136.4,110.4,128.3,146.3,122.7,103.7,131.7,111.5,114,129.1,125.1,114.9,127,135.2,164.3,185.3,131.6,110.2,143.8,123.2,118.9,144.1,122.1,114.4,144.2,145.9,157.5,166.5,123.8,117.3,128.2,110.6,127.3,131.8,111.7,106.2,121.5,124.9,140.5,158.9,121.2,104.1,123.6,110.8,108.4,115.4,94.8,102.7,123.9,164.2,148.2,197.4,143.8,103.9,119.8,114.9,102.6,107.7,99.1,102.9,121,131.6,135.1,140.1,100.7,86.7,101.5,88.3,84.6,86.7,82.5,83.7,110.8,121.9,119.3,127.3,100.7,89.1,98.4,87.8,83.5,86.7,84.5,81.4,102.5,96.5,136.3,152.9,98.9,74.3,90,80.1,75.4,79.5,79.4
     Optical Goods & Books , na , na , na , na , na , na , na , na , na , na , na , na , na , na , na , na , na , na , na , na , na , na , na , na , na , na , na , na , na , na , na , na , na , na , na , na , na , na , na , na , na , na , na , na , na , na , na , na , na , na , na , na , na , na , na , na , na , na , na , na , na , na , na , na , na , na , na , na , na , na , na , na , na , na , na , na , na , na , na , na , na , na , na , na , na , na , na , na , na , na , na , na , na , na , na , na ,61.8,55.5,58.9,55,57.7,58.9,60.1,59.5,60.1,57.6,69.4,93.4,73.4,58.3,77.9,56.3,62.9,64.1,69.4,64.9,66.1,66.1,75.4,94.9,71.3,63.1,74,67.1,69.9,66.1,74.9,69.8,67.1,67.8,80.1,101,83.6,66,82.8,75,78.3,76.7,80.6,78.5,74.8,74.3,89.5,109.2,91.4,73.4,93.8,80.8,81.5,82.3,84.2,82.7,81.9,77.6,87,105.7,81.1,75.3,84.2,71.1,73.7,72.5,70.5,73.4,69.8,71,82.1,102.4,87.8,64.3,81.6,72.6,79.6,80.9,78.7,84.4,80,80.3,95.1,111.9,97,78.4,91.3,84.7,87.2,85.6,92.6,88.3,89.9,84.1,96.4,120.9,95.8,88.9,96.4,84.4,86,87.2,90.3,87.4,78.9,78.6,93.5,125.6,104.7,76.4,98.7,85,90.6,90.8,96.7,92.7,85.6,84.9,104.6,133.9,102.8,81.6,96.9,77.5,84.5,106.9,102.5,95.3,90.1,87.5,102.2,138.6,101.3,95.1,103.2,94.8,94.3,104.8,96.3,93.4,87.6,86.2,97.3,137.6,105.6,84.1,106,101.5,93.5,102.5,109.5,108.3,98.8,101.4,98,128.4,98.2,95.2,99,93.2,96.8,94.3,99.3,104.4,105,99.8,102.2,129.6,111.9,86.6,110.1,111.3,106.1,109.9,107.5,110.2,107.4,109.2,112.6,141.6,115.5,95.8,122.4,104.2,106.7,111.1,113.3,112.8,108.7,111.2,113,137.8,109.3,105.1,112.3,103.4,103.8,105.9,106.2,107.9,103.5,106.1,110.6,138.1,125.7,95.4,115,110.1,114.7,111,114.2,107,102.1,106.3,118.3,148.2,125.5,102.9,117.4,111.8,109.6,106.8,109.6,101.1,95.2,102.4,113.6,143.8,116.6,105.5,111.5,105.7,102.6,106.1,107.9,101.7,98.3,99.2,108.4,143,119.3,97.7,117,111,109.2,109.1,115.2,108.5,103.1,104.6,119.3,146,120.7,103.9,107.4,110.9,116.6,110.3,112.6,116.2,100,105.2,111.9,137.6,122.8,96.4,106.3,108.5,108.3,99.7,108.5,104.5,90.6,94,103.8,130.6,121.7,91.4,91.6,100.8,100.4,94.1,104.1,99.9,89.1,92.4,102.3,131.6,102,92.2,98.6,94.6,94.5,87.8,98.4,98,88.1,94.1,109.6,142.1,105.1,83.9,98.9,93.4,92.6,85.6,92.5
     Others , na , na , na , na , na , na , na , na , na , na , na , na , na , na , na , na , na , na , na , na , na , na , na , na , na , na , na , na , na , na , na , na , na , na , na , na , na , na , na , na , na , na , na , na , na , na , na , na , na , na , na , na , na , na , na , na , na , na , na , na , na , na , na , na , na , na , na , na , na , na , na , na , na , na , na , na , na , na , na , na , na , na , na , na , na , na , na , na , na , na , na , na , na , na , na , na ,68.3,69.7,71.2,59.4,59.4,62.4,57.6,61.9,59.9,59.1,62.4,70.4,76,54.9,74.9,47.3,49.5,54.2,54.9,58.6,57.7,57.2,59.5,64.3,65.6,52.4,57.3,49.8,54.4,56.2,54.5,63.4,57.3,52.8,56.6,58.8,62.7,53.2,58.3,54,55.1,53.9,59.7,63.5,56.6,58.3,59.8,60.4,70.2,46.7,53.1,58.8,55.6,52.5,57.6,52.3,49.9,54.2,48.7,52.7,62.5,53,48.2,70,52.7,53,50,48.4,47.2,51.2,45.4,53.9,50.2,47,51.4,50.9,53.2,50.2,51.7,55.1,50.6,50.5,53.2,60.7,69.1,45,54.3,58.5,52.4,58.6,56.5,55.5,57.6,58.4,57.1,63.2,61.6,57.9,59.7,57.7,49.7,55.8,57.2,76.8,62.5,66.8,70.6,64,79.2,43.6,68,69,68,65.6,65.5,66.8,67,75.5,79,77.3,75.6,56.6,70.2,64.3,59.1,52.6,52.9,60.4,55.7,60.4,57.1,67.5,74.3,65.3,83.6,65.5,75.3,64.8,67.1,69.1,69.6,65.8,68.6,81.2,70.5,55.7,69.6,73.4,67,71.3,73.6,69.9,71.7,73.5,76.3,80.3,75.9,67.6,85,76.8,74,78.4,77.9,80.3,86,78.6,82.1,85.3,82.8,71.6,89.8,75.5,86.4,87.5,87.4,84.9,85.3,92.6,90.6,96.5,100.5,78.8,86.3,90.6,93.2,89.5,94.4,88.5,97.4,93.5,85.2,93,85.1,70.4,83.3,79.9,78.9,80.9,86.7,82.5,83.5,84.8,81.4,93.2,85.7,80.2,83.9,79,81.9,85.4,87.5,83.2,87.6,86.2,90.3,98.8,100.8,75.5,93.6,87.6,86.1,91.4,92.6,92.2,89.9,91.8,90.2,103,96.4,90.3,95.8,91.2,89.8,90.5,90.8,96.6,89.5,88,90,97.9,96.3,82,99.4,93.5,93.9,92,94.2,94.7,90.8,91.1,89,98.8,100.4,77.6,84.9,83,83.8,83.8,86.7,90.3,85,92.3,91.1,97.4,98.2,91.1,91.8,94.2,96.6,89.7,93.3,95.4,95.5,96.7,93.8,105.3,106.5,90,102,95.3,98.7,100,100.5,99.7,100.4,99.2,100.5,111.4,99.4,98,99.7,91.4,100.6,96.8,97.5,100.5,102.5,102.8,102,108.9,104.4,93.2,100.7,99.4,103.6,102.5,100
 Total (Excluding Motor Vehicles) ,44,44,39.8,33.2,35.2,33.1,33,34.7,33,32.5,34.9,40.9,39.4,33,31.6,29.5,31.7,29.4,31.3,31.4,30.3,31.2,32.1,39.2,40,33.6,37,35.5,38.3,37.5,38.1,39.4,38.3,40,40.9,47.9,42.5,42.5,42.5,39.1,41.5,39.9,42.2,43.4,42.1,43,44.1,52.5,50,41.6,45,42.1,43.5,42.4,44.9,47.5,45.7,46.3,49.5,58,55,44.6,48.7,46.3,46.8,46.7,49.4,49.4,46,47.5,48.5,59,52.1,46.5,47.1,44.8,47.3,46.8,47.6,48.8,46.3,49.5,49.5,58.5,58.5,47.1,50.9,46.5,47.7,47.5,49.5,50.6,49.2,49.5,50.7,61.9,60,46.9,52.6,45.5,49.2,49.3,50.5,50.4,50.4,52.1,52.6,66.6,62.3,53.4,65.4,43,47.4,47.5,53.2,51.3,51.6,52.9,54,66.4,66.6,47.5,53.7,48.3,53.2,51.9,55.6,54,53.2,53.9,56.5,68.3,62.9,60.3,55.5,51.6,54.4,55.5,58.7,54.9,55.8,57.2,61.2,72.9,73.1,56.5,58,54.8,56.9,58.7,64,57.5,55.3,56.2,59.2,68.2,68.3,49,53.6,51.9,53.2,53,52.7,50.8,49.3,51.7,53.1,65.7,61.8,55.3,53.8,51.4,56.6,57.9,56.6,55.9,54.7,56.4,58.9,72.2,72.2,55.3,59.1,56.8,59.5,59.3,61.1,58.2,58.5,59.4,62.4,78.1,71.4,55.1,59.8,55.9,59.2,60.1,60,60,56,57.3,61.7,76.9,67.8,57,60,56.8,61.2,60.2,61.8,59.3,57.8,61.8,65.4,80.3,73.7,51.6,59.9,52.5,56.4,60.9,58.8,59,57.2,61.9,64.3,80.7,74.2,59.7,63.4,60.3,64.9,65.9,64.9,63.2,62.7,65.2,68,84.2,79.4,64.2,69.1,65.9,68.9,69.1,71.5,69,69,74.1,70.6,88.7,87,64.6,72.7,71.8,76.4,72.9,74.5,72.9,73.4,75.6,74.1,93.8,83.7,78.3,78.8,75.9,82.1,88,80.3,79.1,80.6,83.4,84.1,103.1,97.5,81,88.7,81.9,88.9,86.7,87.7,87.9,87.2,86.3,82.8,100.7,94.9,72.8,82.9,79.2,84.6,84.9,85.9,85.8,86,85.5,85.9,104,96,87,88.3,84.8,90.6,87.9,90.2,90.2,90.4,91.4,93.3,113.3,111.7,84.7,94.4,93.6,97.7,97.2,99.9,97.1,93.1,99.2,98.5,121.9,115.7,91.8,100.4,96.6,98.6,99.6,99.1,100.3,97,100.2,100.1,121.1,109.3,100.6,101.3,96.7,101.2,101.9,101.2,101.9,96.5,99,100.5,121.6,120.1,90.8,99.9,94.8,99.6,98.9,99.7,99.8,95.9,102.6,101.4,121.6,109.3,102.9,96.6,94.2,100.2,96.2,100.5,101.7,94.1,98.1,99.4,117,111.3,93.8,94.8,90.8,97.1,93.9,97.4,95.4,92.1,97.5,96.9,117.8,114.4,89.5,95.9,93,97,97.4,98.6,98.3,94.9,98.6,101.6,120.8,106.1,102.2,98.7,94.1,99.3,97.7,98.8